--
-- Script was generated by Devart dbForge Studio for MySQL, Version 8.0.40.0
-- Product home page: http://www.devart.com/dbforge/mysql/studio
-- Script date 09/01/2024 19:37:29
-- Server version: 5.5.5-10.1.40-MariaDB
-- Client version: 4.1
--

-- 
-- Disable foreign keys
-- 
/*!40014 SET @OLD_FOREIGN_KEY_CHECKS=@@FOREIGN_KEY_CHECKS, FOREIGN_KEY_CHECKS=0 */;

-- 
-- Set SQL mode
-- 
/*!40101 SET @OLD_SQL_MODE=@@SQL_MODE, SQL_MODE='NO_AUTO_VALUE_ON_ZERO' */;

-- 
-- Set character set the client will use to send SQL statements to the server
--
SET NAMES 'utf8';

DROP DATABASE IF EXISTS ikigai;

CREATE DATABASE ikigai
CHARACTER SET latin1
COLLATE latin1_swedish_ci;

--
-- Set default database
--
USE ikigai;

--
-- Create table `sensaciones`
--
CREATE TABLE sensaciones (
  codsensa int(11) NOT NULL AUTO_INCREMENT,
  descripcion varchar(100) DEFAULT NULL,
  denominacion varchar(100) DEFAULT NULL,
  localizacioncorporal varchar(100) DEFAULT NULL,
  PRIMARY KEY (codsensa)
)
ENGINE = INNODB,
AUTO_INCREMENT = 31,
AVG_ROW_LENGTH = 546,
CHARACTER SET latin1,
COLLATE latin1_swedish_ci;

--
-- Create table `pensamientos`
--
CREATE TABLE pensamientos (
  codpen int(11) NOT NULL AUTO_INCREMENT,
  intrusivo tinyint(1) DEFAULT NULL,
  recurrente tinyint(1) DEFAULT NULL,
  positivo tinyint(1) DEFAULT NULL,
  PRIMARY KEY (codpen)
)
ENGINE = INNODB,
AUTO_INCREMENT = 31,
AVG_ROW_LENGTH = 546,
CHARACTER SET latin1,
COLLATE latin1_swedish_ci;

--
-- Create table `entradas`
--
CREATE TABLE entradas (
  identrada int(11) NOT NULL AUTO_INCREMENT,
  titulo varchar(100) DEFAULT NULL,
  descripcion varchar(100) DEFAULT NULL,
  fechaentrada date DEFAULT NULL,
  PRIMARY KEY (identrada)
)
ENGINE = INNODB,
AUTO_INCREMENT = 31,
AVG_ROW_LENGTH = 546,
CHARACTER SET latin1,
COLLATE latin1_swedish_ci;

--
-- Create table `registrosensaciones`
--
CREATE TABLE registrosensaciones (
  regsensa int(11) NOT NULL AUTO_INCREMENT,
  identrada int(10) DEFAULT NULL,
  codsensa int(10) DEFAULT NULL,
  PRIMARY KEY (regsensa)
)
ENGINE = INNODB,
AUTO_INCREMENT = 31,
AVG_ROW_LENGTH = 546,
CHARACTER SET latin1,
COLLATE latin1_swedish_ci;

--
-- Create index `uk_entrada_sensaciones` on table `registrosensaciones`
--
ALTER TABLE registrosensaciones
ADD UNIQUE INDEX uk_entrada_sensaciones (identrada, codsensa);

--
-- Create foreign key
--
ALTER TABLE registrosensaciones
ADD CONSTRAINT fk_registrosensaciones_entradas FOREIGN KEY (identrada)
REFERENCES entradas (identrada);

--
-- Create foreign key
--
ALTER TABLE registrosensaciones
ADD CONSTRAINT fk_registrosensaciones_sensaciones FOREIGN KEY (codsensa)
REFERENCES sensaciones (codsensa);

--
-- Create table `registropensamientos`
--
CREATE TABLE registropensamientos (
  regpen int(11) NOT NULL AUTO_INCREMENT,
  identrada int(10) DEFAULT NULL,
  codpen int(10) DEFAULT NULL,
  PRIMARY KEY (regpen)
)
ENGINE = INNODB,
AUTO_INCREMENT = 31,
AVG_ROW_LENGTH = 546,
CHARACTER SET latin1,
COLLATE latin1_swedish_ci;

--
-- Create index `uk_entradas_pensamientos` on table `registropensamientos`
--
ALTER TABLE registropensamientos
ADD UNIQUE INDEX uk_entradas_pensamientos (identrada, codpen);

--
-- Create foreign key
--
ALTER TABLE registropensamientos
ADD CONSTRAINT fk_registropensamientos_entradas FOREIGN KEY (identrada)
REFERENCES entradas (identrada);

--
-- Create foreign key
--
ALTER TABLE registropensamientos
ADD CONSTRAINT fk_registropensamientos_pensamientos FOREIGN KEY (codpen)
REFERENCES pensamientos (codpen);

--
-- Create table `emociones`
--
CREATE TABLE emociones (
  codemo int(11) NOT NULL AUTO_INCREMENT,
  intensidad varchar(100) DEFAULT NULL,
  agradable tinyint(1) DEFAULT NULL,
  PRIMARY KEY (codemo)
)
ENGINE = INNODB,
AUTO_INCREMENT = 31,
AVG_ROW_LENGTH = 546,
CHARACTER SET latin1,
COLLATE latin1_swedish_ci;

--
-- Create table `tiposemociones`
--
CREATE TABLE tiposemociones (
  idtipos int(11) NOT NULL AUTO_INCREMENT,
  codemo int(10) DEFAULT NULL,
  tipos varchar(100) DEFAULT NULL,
  PRIMARY KEY (idtipos)
)
ENGINE = INNODB,
AUTO_INCREMENT = 51,
AVG_ROW_LENGTH = 327,
CHARACTER SET latin1,
COLLATE latin1_swedish_ci;

--
-- Create index `uk_tiposemociones_emociones` on table `tiposemociones`
--
ALTER TABLE tiposemociones
ADD UNIQUE INDEX uk_tiposemociones_emociones (codemo, tipos);

--
-- Create foreign key
--
ALTER TABLE tiposemociones
ADD CONSTRAINT fk_tiposemociones_emociones FOREIGN KEY (codemo)
REFERENCES emociones (codemo);

--
-- Create table `registroemociones`
--
CREATE TABLE registroemociones (
  regemo int(11) NOT NULL AUTO_INCREMENT,
  identrada int(10) DEFAULT NULL,
  codemo int(10) DEFAULT NULL,
  PRIMARY KEY (regemo)
)
ENGINE = INNODB,
AUTO_INCREMENT = 31,
AVG_ROW_LENGTH = 546,
CHARACTER SET latin1,
COLLATE latin1_swedish_ci;

--
-- Create index `uk_entradas_emociones` on table `registroemociones`
--
ALTER TABLE registroemociones
ADD UNIQUE INDEX uk_entradas_emociones (identrada, codemo);

--
-- Create foreign key
--
ALTER TABLE registroemociones
ADD CONSTRAINT fk_registroemociones_emociones FOREIGN KEY (codemo)
REFERENCES emociones (codemo);

--
-- Create foreign key
--
ALTER TABLE registroemociones
ADD CONSTRAINT fk_registroemociones_entradas FOREIGN KEY (identrada)
REFERENCES entradas (identrada);

--
-- Create table `objetivos`
--
CREATE TABLE objetivos (
  codobj int(11) NOT NULL AUTO_INCREMENT,
  denominacion varchar(100) DEFAULT NULL,
  fechalimite date DEFAULT NULL,
  descripcion varchar(100) DEFAULT NULL,
  PRIMARY KEY (codobj)
)
ENGINE = INNODB,
AUTO_INCREMENT = 31,
AVG_ROW_LENGTH = 546,
CHARACTER SET latin1,
COLLATE latin1_swedish_ci;

-- 
-- Dumping data for table sensaciones
--
INSERT INTO sensaciones VALUES
(1, 'Una sensación de alegría y contento que llena el corazón.', 'Calor', 'Cabeza'),
(2, 'Un sentimiento de melancolía y pesar que nubla la mente.', 'Frío', 'Cuello'),
(3, 'Una oleada de emoción intensa y positiva que te hace sentir en la cima del mundo.', 'Picazón', 'Pecho'),
(4, 'Una inquietud y preocupación constante que te mantiene alerta.', 'Hormigueo', 'Estomago'),
(5, 'Una sensación de calma y tranquilidad que invade todo tu ser.', 'Presión', 'Espalda'),
(6, 'Una sensación de desconcierto y falta de claridad en tus pensamientos.', 'Ligereza', 'Manos'),
(7, 'Una reacción de sorpresa ante algo inesperado o asombroso.', 'Opresión', 'Pies'),
(8, 'Una ira y enojo que hierve en tu interior.', 'Cosquillas', 'Otro'),
(9, 'Una paz interior que te llena de serenidad y equilibrio.', 'Adormecimiento', 'Cabeza'),
(10, 'La capacidad de entender y compartir los sentimientos de los demás.', 'Sequedad', 'Cuello'),
(11, 'Un agotamiento físico y mental que te deja exhausto.', 'Humedad', 'Pecho'),
(12, 'Un sentimiento de agradecimiento profundo por lo que tienes en la vida.', 'Vibración', 'Estomago'),
(13, 'La creencia en un resultado positivo en el futuro.', 'Peso', 'Espalda'),
(14, 'Un afecto profundo y cariño hacia alguien o algo.', 'Pulso', 'Manos'),
(15, 'Un sentimiento de culpa por algo que has hecho o no has hecho.', 'Ardor', 'Pies'),
(16, 'Una admiración y respeto por algo o alguien excepcional.', 'Tensión', 'Otro'),
(17, 'Una sensación abrumadora de desesperación y desamparo.', 'Relax', 'Cabeza'),
(18, 'Una sensación de motivación y creatividad que te impulsa a actuar.', 'Estiramiento', 'Cuello'),
(19, 'Un aburrimiento que te hace buscar distracción o entretenimiento.', 'Rigidez', 'Pecho'),
(20, 'Una asombrosa sorpresa ante algo extraordinario o inusual.', 'Fluidez', 'Estomago'),
(21, 'Una sensación de alegría y contento que llena el corazón.', 'Calor', 'Espalda'),
(22, 'Un sentimiento de melancolía y pesar que nubla la mente.', 'Frío', 'Manos'),
(23, 'Una oleada de emoción intensa y positiva que te hace sentir en la cima del mundo.', 'Picazón', 'Pies'),
(24, 'Una inquietud y preocupación constante que te mantiene alerta.', 'Hormigueo', 'Otro'),
(25, 'Una sensación de calma y tranquilidad que invade todo tu ser.', 'Presión', 'Cabeza'),
(26, 'Una sensación de desconcierto y falta de claridad en tus pensamientos.', 'Ligereza', 'Cuello'),
(27, 'Una reacción de sorpresa ante algo inesperado o asombroso.', 'Opresión', 'Pecho'),
(28, 'Una ira y enojo que hierve en tu interior.', 'Cosquillas', 'Estomago'),
(29, 'Una paz interior que te llena de serenidad y equilibrio.', 'Adormecimiento', 'Espalda'),
(30, 'La capacidad de entender y compartir los sentimientos de los demás.', 'Sequedad', 'Manos');

-- 
-- Dumping data for table pensamientos
--
INSERT INTO pensamientos VALUES
(1, 0, 1, 0),
(2, 0, 0, 1),
(3, 0, 0, 1),
(4, 0, 1, 1),
(5, 0, 1, 0),
(6, 0, 0, 0),
(7, 0, 1, 1),
(8, 1, 0, 1),
(9, 0, 0, 0),
(10, 1, 0, 1),
(11, 0, 1, 1),
(12, 1, 0, 0),
(13, 0, 1, 1),
(14, 0, 1, 0),
(15, 1, 0, 0),
(16, 0, 1, 1),
(17, 1, 0, 1),
(18, 0, 1, 0),
(19, 0, 0, 0),
(20, 0, 1, 1),
(21, 0, 0, 0),
(22, 1, 0, 0),
(23, 1, 1, 1),
(24, 1, 1, 0),
(25, 1, 1, 1),
(26, 1, 1, 0),
(27, 1, 0, 0),
(28, 1, 1, 0),
(29, 1, 1, 0),
(30, 0, 0, 0);

-- 
-- Dumping data for table entradas
--
INSERT INTO entradas VALUES
(1, 'Reflexiones', 'Explorando pensamientos y emociones diarias.', '2024-01-04'),
(2, 'Explorando Mi Interior', 'Reflexiones sobre el día que se va.', '2033-02-28'),
(3, 'Diario de Emociones', 'Notas simples de mis sentimientos.', '2024-01-08'),
(4, 'Caminando entre Pensamientos', 'Sensaciones que colorearon mi jornada.', '2037-05-28'),
(5, 'Sensaciones del Día', 'Pequeñas anotaciones del día a día.', '2045-09-06'),
(6, 'Bitácora Emocional', 'Registro breve de emociones cotidianas.', '2041-07-23'),
(7, 'Reflexiones al Anochecer', 'Pensamientos que fluyen como un río.', '2049-10-03'),
(8, 'Pensamientos', 'Instantes que dejaron huella emocional.', '2031-05-25'),
(9, 'Notas de Mi Mundo', 'Breves apuntes de mi mundo interior.', '2042-07-08'),
(10, 'Jornada de Descubrimiento', 'Descubrimientos en cada jornada.', '2025-07-12'),
(11, 'Registro de Emociones', 'Emociones que definen mis experiencias.', '2025-09-30'),
(12, 'Viaje de Sensaciones', 'Viaje sensorial a través de mi día.', '2033-04-22'),
(13, 'Pensamientos a la Deriva', 'Pensamientos que van a la deriva.', '2038-04-17'),
(14, 'El Alma en Palabras', 'Palabras que expresan mi ser.', '2024-03-06'),
(15, 'Instantes Emocionales', 'Momentos fugaces con impacto duradero.', '2025-02-18'),
(16, 'Cautivo de Mis Pensamientos', 'Inmerso en pensamientos cotidianos.', '2047-12-11'),
(17, 'Aventura Interior', 'Aventura interna en lo más profundo.', '2024-01-25'),
(18, 'Diario de la Vida Cotidiana', 'Registro de pequeñas y grandes vivencias.', '2041-02-17'),
(19, 'Mosaico Emocional', 'Mosaico de variadas emociones.', '2025-05-09'),
(20, 'Travesía de Autorreflexión', 'Reflexiones simples para autoconocimiento.', '2033-06-15'),
(21, 'Fragmentos del Corazón', 'Pedazos de emociones en el papel.', '2045-03-19'),
(22, 'Explorador de Sentimientos', 'Exploración de sentimientos diarios.', '2034-03-22'),
(23, 'Mirada Interior', 'Mirada introspectiva en cada entrada.', '2047-12-11'),
(24, 'Ventana a mi Mundo Emocional', 'Ventana a mi mundo emocional.', '2026-08-11'),
(25, 'Registro de Pensamientos Profundos', 'Reflexiones breves y profundas.', '2024-01-10'),
(26, 'Sinfonía de Emociones', 'Sinfonía de emociones diarias.', '2048-12-19'),
(27, 'Anhelos y Reflexiones', 'Anhelos y reflexiones simples.', '2033-10-23'),
(28, 'Bitácora del Ser', 'Bitácora cotidiana del ser.', '2025-01-12'),
(29, 'Caleidoscopio Emocional', 'Caleidoscopio de emociones diarias.', '2031-02-24'),
(30, 'Pensamientos en Libertad', 'Pensamientos libres y sin restricciones.', '2035-01-01');

-- 
-- Dumping data for table emociones
--
INSERT INTO emociones VALUES
(1, 'Muy Baja', 1),
(2, 'Baja', 1),
(3, 'Moderada', 1),
(4, 'Alta', 0),
(5, 'Muy Alta', 0),
(6, 'Muy Baja', 1),
(7, 'Baja', 1),
(8, 'Moderada', 0),
(9, 'Alta', 1),
(10, 'Muy Alta', 0),
(11, 'Muy Baja', 1),
(12, 'Baja', 1),
(13, 'Moderada', 1),
(14, 'Alta', 0),
(15, 'Muy Alta', 0),
(16, 'Muy Baja', 0),
(17, 'Baja', 1),
(18, 'Moderada', 0),
(19, 'Alta', 0),
(20, 'Muy Alta', 0),
(21, 'Muy Baja', 0),
(22, 'Baja', 1),
(23, 'Moderada', 1),
(24, 'Alta', 1),
(25, 'Muy Alta', 0),
(26, 'Muy Baja', 1),
(27, 'Baja', 0),
(28, 'Moderada', 1),
(29, 'Alta', 0),
(30, 'Muy Alta', 0);

-- 
-- Dumping data for table tiposemociones
--
INSERT INTO tiposemociones VALUES
(39, 1, 'Alegría'),
(33, 1, 'Tristeza'),
(36, 2, 'Ira'),
(48, 2, 'Tristeza'),
(50, 3, 'Ira'),
(43, 3, 'Miedo'),
(4, 4, 'Miedo'),
(40, 4, 'Sorpresa'),
(45, 5, 'Asco'),
(25, 5, 'Sorpresa'),
(32, 6, 'Asco'),
(47, 6, 'Envidia'),
(18, 7, 'Culpa'),
(44, 7, 'Envidia'),
(49, 8, 'Culpa'),
(22, 8, 'Vergüenza'),
(34, 9, 'Amor'),
(2, 9, 'Vergüenza'),
(23, 10, 'Amor'),
(41, 10, 'Felicidad'),
(46, 11, 'Aburrimiento'),
(26, 11, 'Felicidad'),
(38, 12, 'Aburrimiento'),
(13, 12, 'Confusión'),
(11, 13, 'Confusión'),
(19, 13, 'Esperanza'),
(31, 14, 'Empatía'),
(14, 14, 'Esperanza'),
(17, 15, 'Empatía'),
(7, 15, 'Gratitud'),
(9, 16, 'Admiración'),
(24, 16, 'Gratitud'),
(37, 17, 'Admiración'),
(1, 17, 'Ansiedad'),
(3, 18, 'Ansiedad'),
(8, 18, 'Euforia'),
(12, 19, 'Euforia'),
(16, 19, 'Preocupación'),
(6, 20, 'Culpabilidad'),
(15, 20, 'Preocupación'),
(20, 21, 'Culpabilidad'),
(30, 22, 'Arrepentimiento'),
(10, 23, 'Orgullo'),
(27, 24, 'Desprecio'),
(29, 25, 'Hostilidad'),
(35, 26, 'Rencor'),
(42, 27, 'Melancolía'),
(5, 28, 'Desesperación'),
(21, 29, 'Alivio'),
(28, 30, 'Entusiasmo');

-- 
-- Dumping data for table registrosensaciones
--
INSERT INTO registrosensaciones VALUES
(11, 1, 1),
(21, 2, 2),
(7, 3, 3),
(9, 4, 4),
(19, 5, 5),
(23, 6, 6),
(8, 7, 7),
(12, 8, 8),
(18, 9, 9),
(5, 10, 10),
(10, 11, 11),
(17, 12, 12),
(3, 13, 13),
(6, 14, 14),
(27, 15, 15),
(30, 16, 16),
(4, 17, 17),
(25, 18, 18),
(28, 19, 19),
(2, 20, 20),
(20, 21, 21),
(29, 22, 22),
(15, 23, 23),
(22, 24, 24),
(26, 25, 25),
(14, 26, 26),
(16, 27, 27),
(24, 28, 28),
(1, 29, 29),
(13, 30, 30);

-- 
-- Dumping data for table registropensamientos
--
INSERT INTO registropensamientos VALUES
(11, 1, 1),
(21, 2, 2),
(7, 3, 3),
(9, 4, 4),
(19, 5, 5),
(23, 6, 6),
(8, 7, 7),
(12, 8, 8),
(18, 9, 9),
(5, 10, 10),
(10, 11, 11),
(17, 12, 12),
(3, 13, 13),
(6, 14, 14),
(27, 15, 15),
(30, 16, 16),
(4, 17, 17),
(25, 18, 18),
(28, 19, 19),
(2, 20, 20),
(20, 21, 21),
(29, 22, 22),
(15, 23, 23),
(22, 24, 24),
(26, 25, 25),
(14, 26, 26),
(16, 27, 27),
(24, 28, 28),
(1, 29, 29),
(13, 30, 30);

-- 
-- Dumping data for table registroemociones
--
INSERT INTO registroemociones VALUES
(11, 1, 1),
(21, 2, 2),
(7, 3, 3),
(9, 4, 4),
(19, 5, 5),
(23, 6, 6),
(8, 7, 7),
(12, 8, 8),
(18, 9, 9),
(5, 10, 10),
(10, 11, 11),
(17, 12, 12),
(3, 13, 13),
(6, 14, 14),
(27, 15, 15),
(30, 16, 16),
(4, 17, 17),
(25, 18, 18),
(28, 19, 19),
(2, 20, 20),
(20, 21, 21),
(29, 22, 22),
(15, 23, 23),
(22, 24, 24),
(26, 25, 25),
(14, 26, 26),
(16, 27, 27),
(24, 28, 28),
(1, 29, 29),
(13, 30, 30);

-- 
-- Dumping data for table objetivos
--
INSERT INTO objetivos VALUES
(1, 'Hacer deporte semanal', '2037-01-09', 'Comprometerte a hacer ejercicio físico, como correr, nadar o practicar yoga..'),
(2, 'Pasar tiempo familiar', '2027-07-12', 'Dedicar tiempo de calidad con tu familia.'),
(3, 'Leer un libro/mes', '2047-10-21', 'Establecer el hábito de la lectura regular, eligiendo libros que te interesen.'),
(4, 'Excursión al monte', '2045-01-05', 'Explorar la naturaleza y la aventura al aire libre.'),
(5, 'Estudiar todos días', '2043-11-20', 'Comprometerte a estudiar y aprender algo nuevo todos los días.'),
(6, 'Nuevo hobbie', '2029-01-06', 'Explorar y disfrutar de un nuevo pasatiempo que te apasione.'),
(7, 'Clases de pintura', '2031-01-04', 'Inscribirte en clases de arte para desarrollar tus habilidades artísticas.'),
(8, 'Dejar de fumar', '2047-09-11', 'Tomar medidas concretas para dejar el hábito del tabaco y mejorar tu salud.'),
(9, 'Viajar anualmente', '2025-06-16', 'Planificar y realizar al menos un viaje al año para explorar nuevos lugares y culturas.'),
(10, 'Metas financieras', '2024-10-20', 'Definir objetivos financieros a largo plazo, como ahorrar para la jubilación, comprar una casa.'),
(11, 'Tocar instrumento', '2049-09-24', 'Iniciar lecciones de música y aprender a tocar un instrumento.'),
(12, 'Creatividad: arte', '2026-09-19', 'Practicar la creatividad a través de actividades artísticas como la escritura.'),
(13, 'Gratitud y diario', '2040-03-03', 'Reflexionar sobre las cosas por las que estás agradecido diariamente.'),
(14, 'Equilibrio trabajo-vida', '2024-01-06', 'Encontrar un equilibrio entre tu vida laboral y personal.'),
(15, 'Aire libre regular', '2028-11-06', 'Disfrutar de actividades al aire libre, como senderismo, ciclismo o camping.'),
(16, 'Comunicación', '2044-05-01', 'Mejorar tus habilidades de comunicación.'),
(17, 'Negocio propio', '2025-05-26', 'Iniciar un emprendimiento o proyecto personal que te apasione.'),
(18, 'Voluntariado local', '2044-07-31', 'Contribuir al bienestar de tu comunidad mediante actividades voluntarias.'),
(19, 'Mejorar relaciones', '2030-12-20', 'Trabajar en fortalecer las relaciones personales con un miembro de la familia.'),
(20, 'Vida sostenible', '2028-04-24', 'Adoptar prácticas sostenibles en tu vida diaria.'),
(21, 'Explorar ciudad', '2025-12-21', 'Descubrir lugares interesantes en tu propia área local.'),
(22, 'Organización', '2038-04-17', 'Desarrollar habilidades de organización para mantener tu hogar limpio y ordenado.'),
(23, 'Finanzas informadas', '2033-03-03', 'Educarte sobre finanzas personales y tomar decisiones financieras más inteligentes.'),
(24, 'Cocina internacional', '2037-01-17', 'Explorar recetas y cocinar platos de diferentes cocinas del mundo.'),
(25, 'Leer biografías', '2030-06-16', 'Leer libros que te inspiren y te ayuden a crecer personalmente.'),
(26, 'Ahorro jubilación', '2044-04-22', 'Planificar y comenzar a ahorrar para tu jubilación.'),
(27, 'Gestionar estrés', '2042-09-02', 'Desarrollar estrategias para manejar el estrés y la ansiedad de manera efectiva.'),
(28, 'Cultivar jardín', '2047-01-11', 'Crear un jardín en casa para disfrutar de la naturaleza y la jardinería.'),
(29, 'Blog o YouTube', '2024-01-04', 'Compartir tus conocimientos e intereses a través de un blog o canal de YouTube.'),
(30, 'Voluntariado extranjero', '2033-11-26', 'Participar en proyectos de voluntariado.');

-- 
-- Restore previous SQL mode
-- 
/*!40101 SET SQL_MODE=@OLD_SQL_MODE */;

-- 
-- Enable foreign keys
-- 
/*!40014 SET FOREIGN_KEY_CHECKS = @OLD_FOREIGN_KEY_CHECKS */;